Zip Code,Neighborhood
80123,Marston
80202,Union Station
80203,"Speer, Capitol Hill, North Capitol Hill"
80204,"Auraria, Barnum, Barnum West, West Colfax, Sloan Lake, Civic Center, Sun Valley, Villa Park, Baker, Lincoln Park"
80205,"CBD, City Park West, Five Points, Clayton, Skyland, Whittier, Cole"
80206,"Cherry Creek, Congress Park, City Park, Cheesman Park, City Park West"
80207,"North Park Hill, Northeast Park Hill"
80209,"Belcaro, Washington Park, Washington Park West, Speer, Cherry Creek"
80210,"Cory - Merrill, Washington Park, Washington Park West, Fort Logan, Wellshire, University, Rosedale, University Park, Platt Park"
80211,"West Highland, Sloan Lake, Berkeley, Highland, Jefferson Park, Sunnyside"
80212,"West Highland, Sloan Lake, Berkeley, Regis"
80216,"CBD, Globeville, Elyria Swansea"
80218,"Speer, Country Club, Cheesman Park, Capitol Hill, North Capitol Hill, City Park West"
80219,"Barnum, Barnum West, Athmar Park, Ruby Hill, Harvey Park, Mar Lee, College View - South Platte, Valverde, Westwood"
80220,"Hilltop, Montclair, Hale, South Park Hill, East Colfax"
80221,"Regis, Chaffee Park"
80222,"Hampden, Goldsmith, University Hills"
80223,"Athmar Park, Overland, Ruby Hill, College View - South Platte, Valverde, Baker"
80224,"Washington Virginia Vale, Hampden, Goldsmith"
80227,"Harvey Park, Bear Valley"
80230,Lowry Field
80231,"Kennedy, Indian Creek"
80235,Fort Logan
80236,"Fort Logan, Harvey Park South, College View - South Platte"
80237,"Kennedy, Hampden, Southmoor Park, Hampden South"
80238,Stapleton
80239,Montbello
80246,"Washington Virginia Vale, Hilltop"
80247,Windsor
80249,"Gateway - Green Valley Ranch, DIA"